"","Method","pred_Model1","sensitivity","specificity","n_predicted","n_predicted_unknown"
"1","Sens=Spec",0.0438,0.900990099009901,0.900800089520506,1864,1773
"2","MaxSens+Spec",0.0573,0.891089108910891,0.92401947071001,1448,1358
"3","MaxKappa",0.41145,0.603960396039604,0.997594136406871,104,43
"4","MaxPCC",0.63225,0.415841584158416,0.999440496838807,52,10
"5","ReqSens 80%",0.1282,0.801980198019802,0.97644491691378,502,421
"6","ReqSens 85%",0.0697,0.851485148514851,0.93571308677894,1235,1149
"7","ReqSens 90%",0.0455,0.900990099009901,0.904884462597214,1791,1700
"8","ReqSens 95%",0.0095,0.95049504950495,0.654618698595647,6269,6173
