"","Method","pred_Model1","sensitivity","specificity","n_predicted","n_predicted_unknown"
"1","Sens=Spec",0.043,0.900990099009901,0.900911990152744,1862,1771
"2","MaxSens+Spec",0.0597,0.891089108910891,0.926984837464332,1395,1305
"3","MaxKappa",0.4949,0.544554455445545,0.998377440832541,84,29
"4","MaxPCC",0.567022222222222,0.455445544554455,0.999272645890449,59,13
"5","ReqSens 80%",0.1368,0.801980198019802,0.978235327029598,470,389
"6","ReqSens 85%",0.0813,0.851485148514851,0.945336541151457,1063,977
"7","ReqSens 90%",0.0491,0.900990099009901,0.912102053376602,1662,1571
"8","ReqSens 95%",0.0091,0.95049504950495,0.638001454708219,6566,6470
