"","Method","threshold","sensitivity","specificity","n_predicted","n_predicted_unknown"
"1","Sens=Spec",0.3198,0.844827586206897,0.84554678692221,186,137
"2","MaxSens+Spec",0.36245,0.827586206896552,0.900789177001127,136,88
"3","MaxKappa",0.47105,0.620689655172414,0.979706877113867,54,18
"4","MaxPCC",0.52735,0.431034482758621,0.995490417136415,29,4
"5","ReqSens 80%",0.3831,0.810344827586207,0.916572717023675,121,74
"6","ReqSens 85%",0.3196,0.862068965517241,0.84554678692221,187,137
"7","ReqSens 90%",0.2834,0.913793103448276,0.777903043968433,250,197
"8","ReqSens 95%",0.2437,0.96551724137931,0.632468996617813,382,326
