"","Method","threshold","sensitivity","specificity","n_predicted","n_predicted_unknown"
"1","Sens=Spec",0.2326,0.878048780487805,0.872787610619469,151,115
"2","MaxSens+Spec",0.2149,0.951219512195122,0.831858407079646,191,152
"3","MaxKappa",0.40345,0.536585365853659,0.990044247787611,31,9
"4","MaxPCC",0.40345,0.536585365853659,0.990044247787611,31,9
"5","ReqSens 80%",0.2609,0.804878048780488,0.925884955752212,100,67
"6","ReqSens 85%",0.2337,0.853658536585366,0.873893805309734,149,114
"7","ReqSens 90%",0.2319,0.902439024390244,0.869469026548673,155,118
"8","ReqSens 95%",0.2149,0.951219512195122,0.831858407079646,191,152
